"Proposal #","Project Title","PI","PI Unit","Status","Sponsor","Prime Sponsor","Admin Unit","Project Start Date","Project End Date","Proposal Type","Project #","Created Date","Total Sponsor Costs","Sponsor Deadline","add new prime sponsor","add new sponsor","full proposal title","History Action","History Action By","History Action Date","History Comment","Prime Sponsor Org Type","Proposal Id","Resolution","Routing Comment","Routing Date","Routing Status","Total Cost Share","Total Direct Costs","Total Indirect Costs","Total Project Cost","uw is receiving funding as","uwreceiving funding lead other","Total Sponsor Costs in Proposal","Total Direct Costs in Proposal","Total Indirect Costs in Proposal","Total Project Cost in Proposal","FY","Project Number","Project Funding Amount","Award F&A Schedule","College (Subdivision)","Submitted to Sponsor","Funded","Not Submitted to Sponsor","Under Consideration","In Development","Under Review","Total_submitted_to_sponsor"
"25-0431-P0001","Acute high-fat diet disrupts sleep and cognitive function in mice","Brandon L Roberts","Zoology & Physiology","Submitted to Sponsor","National Institutes of Health/Department of Health and Human Services",NA,"Zoology & Physiology","12/1/2025","11/30/2030","New","25-0431",2025-01-13 02:58:00,"1887030","2/5/2025 12:00:00 AM",NA,"National Institute of Diabetes and Digestive and Kidney Diseases","Acute high-fat diet alters sleep and cortical function in mice","Proposal Created > Status was changed from: In Development to Under Review > Status was changed from: Under Review to In Development > Form was edited in 'Under Review' status > Certified > Status was changed from: Under Review to Approved > Status was changed from: Approved to Submitted to Sponsor","Brandon L Roberts > John Ruess > Thomas Abraham Lentner > Farrell Jean Rapp","1/13/2025 02:58:27 PM > 1/29/2025 10:26:46 AM > 1/29/2025 10:34:39 AM > 1/29/2025 10:54:28 AM > 1/29/2025 11:17:17 AM > 1/29/2025 11:19:46 AM > 1/29/2025 11:52:28 AM > 2/5/2025 09:46:45 AM","edits > submitted",NA,"62f014e0-ee38-40fd-9b9c-effafcbec65c",NA,"Passes pre-award checks.","1/29/2025 11:18:16 AM > 1/29/2025 11:19:46 AM > 1/29/2025 11:21:31 AM > 1/29/2025 11:21:24 AM > 1/29/2025 11:52:28 AM","Approved > Certified",NA,"1345785","541245","1887030",NA,"Yes","1887030","1345785","541245","1887030","FY25","250431A0001",NA,NA,"College of Agriculture, Life Sciences & Natural Resources",1,0,0,0,0,0,1
"24-0404-P0001","Andean Archaeology","William Randall Haas","Anthropology","Funded","Wenner-Gren Foundation",NA,"Anthropology","8/22/2023","12/31/2023","New","24-0404",2023-09-15 09:11:00,"28140","5/1/2022 12:00:00 AM",NA,"Wenner Gren Foundation","Andean ascent: High altitude forager archaeology in South America","Proposal Created > Status was changed from: In Development to Under Review > Assigned to SP Proposal Administrator: Kasi Smart > Status was changed from: Under Review to In Development > Certified > Status was changed from: Under Review to Approved > Status was changed from: Approved to Submitted to Sponsor > Status was changed from: Submitted to Sponsor to Funded > Form was edited in 'Funded' status","William Haas > Bryce William Howard > Tashina Lemons > Farrell Jean Rapp > Kasi Smart","9/15/2023 09:11:43 AM > 9/15/2023 10:18:35 AM > 9/19/2023 02:48:18 PM > 9/19/2023 03:23:03 PM > 9/19/2023 03:26:30 PM > 10/10/2023 09:15:36 AM > 10/10/2023 11:53:05 AM > 10/23/2023 09:57:34 AM > 12/6/2023 09:25:05 AM > 8/2/2024 10:47:06 AM","amendments to budget tab > Ready for approvals
 > submitted > Funded.",NA,"9fcb75b4-988a-4fb9-b42b-0715fb550e78",NA,"Previous submission routing being conducted in lieu of greensheet
","10/10/2023 11:53:05 AM > 10/10/2023 10:54:07 AM > 10/10/2023 10:20:29 AM > 10/10/2023 09:15:36 AM > 9/19/2023 03:38:54 PM","Approved > Certified",NA,"28140","0","28140",NA,"Yes","28140","28140","0","28140","FY24","240404A0001",28140,"NONE","College of Arts & Sciences",0,1,0,0,0,0,1
"25-0379-P0001","Chrono-Exercise as an Intervention for Diet-Induced Sleep Disruption and Cognitive Function","Brandon L Roberts","Zoology & Physiology","Submitted to Sponsor","ADD NEW",NA,"Zoology & Physiology","5/1/2025","4/30/2026","New","25-0379",2024-12-16 09:26:00,"40000","12/23/2024 12:00:00 AM",NA,"American Thoracic Society","Chrono-exercise as an intervention for diet-induced sleep disruption","Proposal Created > Status was changed from: In Development to Under Review > Certified > Form was edited in 'Under Review' status > Status was changed from: Under Review to Approved > Status was changed from: Approved to Submitted to Sponsor","Emily Elizabeth Schmitt > Thomas Abraham Lentner > Brandon L Roberts > Farrell Jean Rapp","12/16/2024 09:26:44 AM > 12/17/2024 10:17:08 AM > 12/17/2024 10:59:34 AM > 12/17/2024 11:32:49 AM > 12/17/2024 11:41:44 AM > 12/20/2024 03:18:15 PM > 12/23/2024 09:35:22 AM","Project team submitted 12/23/2024",NA,"e039b36c-1c0c-4360-a757-50bc13fe69f7",NA,"Passes pre-award checks.  IDC prohibited by sponsor policy > AP approved sponsor indirect cost limitation.","12/17/2024 10:17:27 AM > 12/17/2024 11:32:49 AM > 12/17/2024 10:59:34 AM > 12/17/2024 12:20:05 PM > 12/17/2024 11:38:09 AM > 12/17/2024 11:35:41 AM > 12/17/2024 11:35:36 AM > 12/20/2024 03:18:15 PM","Approved > Certified",NA,"40000","0","40000",NA,"Yes","40000","40000","0","40000","FY25","250379A0001",NA,NA,"College of Agriculture, Life Sciences & Natural Resources",1,0,0,0,0,0,1
"25-0533-P0001","DOE ASR FY2025","Masanori Saito","Atmospheric Science","Under Review","U.S. Department of Energy",NA,"Atmospheric Science","9/1/2025","8/31/2028","New","25-0533",2025-02-11 11:34:00,"647869","2/27/2025 12:00:00 AM",NA,NA,"Elucidating the impact of spatial heterogeneity on cloud glaciation in Arctic mixed-phase clouds using ARM remote sensing observations and high-resolution simulations","Proposal Created > Status was changed from: In Development to Under Review > Status was changed from: Under Review to In Development > Certified","Masanori Saito > John Ruess > Coltin Dale Grasmick","2/11/2025 11:34:31 AM > 2/20/2025 12:50:05 PM > 2/21/2025 03:05:26 PM > 2/21/2025 03:08:01 PM > 2/25/2025 07:49:01 AM > 2/25/2025 07:50:01 AM > 2/25/2025 08:32:06 AM > 2/25/2025 08:35:34 AM","edits > add sub docs",NA,"071b8ff9-55e1-4824-8004-50bf4b618b09",NA,"Passes pre-award checks","2/25/2025 08:23:46 AM > 2/25/2025 08:35:34 AM > 2/25/2025 08:32:06 AM > 2/25/2025 09:06:25 AM > 2/25/2025 09:05:33 AM > 2/25/2025 09:05:29 AM > 2/25/2025 09:06:24 AM","Approved > Certified > Pending",NA,"533301","114568","647869",NA,"Yes","647869","533301","114568","647869","FY25","250533A0001",NA,NA,"College of Engineering & Physical Sciences",0,0,0,0,0,1,0
"25-0316-P0001","DOE BNF: DE-FOA-0003420","Masanori Saito","Atmospheric Science","Submitted to Sponsor","U.S. Department of Energy",NA,"Atmospheric Science","9/1/2025","8/31/2028","New","25-0316",2024-11-15 02:56:00,"718833","11/21/2024 12:00:00 AM",NA,NA,"Improving E3SM by ARM-derived Observational Constraints of Convective Clouds and Precipitation in the Southeastern U.S.","Proposal Created > Status was changed from: In Development to Under Review > Status was changed from: Under Review to In Development > Certified > Status was changed from: Under Review to Approved > Status was changed from: Approved to Submitted to Sponsor","Masanori Saito > John Ruess > Daniel McCoy > Jacqueline Miranda Nugent > Farrell Jean Rapp > Thomas Abraham Lentner","11/15/2024 02:56:25 PM > 11/15/2024 04:23:46 PM > 11/18/2024 09:47:04 AM > 11/18/2024 09:47:42 AM > 11/18/2024 09:51:45 AM > 11/18/2024 09:54:50 AM > 11/18/2024 06:26:12 PM > 11/19/2024 08:24:10 AM > 11/21/2024 06:36:51 PM","add budget > Oops- just took a second to process > Submitted  1:40pm by CR through Grants.gov  GRANT14307805",NA,"4e2e87dc-3194-4fa6-a111-5a494d13c6fa",NA,"Oops- just took a second to process","11/18/2024 09:47:57 AM > 11/18/2024 06:26:12 PM > 11/18/2024 09:54:50 AM > 11/18/2024 09:51:45 AM > 11/19/2024 08:16:34 AM > 11/19/2024 08:05:55 AM > 11/19/2024 08:05:49 AM > 11/19/2024 08:24:10 AM","Approved > Certified",NA,"508998","209835","718833",NA,"Yes","718833","508998","209835","718833","FY25","250316A0001",NA,NA,"College of Engineering & Physical Sciences",1,0,0,0,0,0,1
"24-0648-P0001","Evaluating Telemedicine Related Opioid Use Disorder (OUD) Services in  Underserved Populations: A Comparison of Waiver and Post waiver Periods.","Lauren Rose Gilbert","Kinesiology & Health","Funded","University of Houston","National Cancer Institute/National Institutes of Health/Department of Health and Human Services","Kinesiology & Health","8/28/2023","5/1/2025","Transfer","24-0648",2023-12-15 08:59:00,NA,"3/22/2024 12:00:00 AM",NA,NA,"Evaluating Telemedicine Related Opioid Use Disorder (OUD) Services in  Underserved Populations: A Comparison of Waiver and Post waiver Periods.","Proposal Created > Assigned to SP Proposal Administrator: Kasi Smart > Status was changed from: In Development to Under Review > Status was changed from: Under Review to In Development > Certified > Form was edited in 'Under Review' status > Status was changed from: Under Review to Approved > Status was changed from: Approved to In Development > Status was changed from: Approved to Submitted to Sponsor > Unassigned from SP Proposal Administrator: Kasi Smart > Assigned to SP Proposal Administrator: Thomas Abraham Lentner > Status was changed from: Submitted to Sponsor to Under Consideration > Status was changed from: Under Consideration to Funded","Lauren Rose Gilbert > Bryce William Howard > Kasi Smart > Tashina Lemons > Farrell Jean Rapp > Inna Willis > Kristi Hargis Stockdale","12/15/2023 08:59:00 AM > 12/15/2023 01:45:12 PM > 3/15/2024 11:38:05 AM > 3/18/2024 12:58:45 PM > 3/19/2024 04:05:32 PM > 3/29/2024 12:21:18 PM > 3/29/2024 01:37:44 PM > 3/29/2024 01:40:27 PM > 4/2/2024 10:53:17 AM > 4/2/2024 10:55:06 AM > 4/2/2024 10:55:15 AM > 4/5/2024 09:17:29 AM > 4/5/2024 10:16:36 AM > 4/9/2024 07:32:37 PM > 4/10/2024 09:21:40 AM > 4/11/2024 12:35:40 PM > 7/12/2024 03:16:13 PM > 7/12/2024 03:16:17 PM > 8/19/2024 03:59:09 PM > 9/13/2024 03:37:53 PM","Incorrect IDC rate > Update to budget information
 > PI updates to budget to include aspects earlier not captured. > Documents submitted to lead organization on 4/11/24 > Received a Subaward for signature > Funded.",NA,"5fb36797-6df7-423f-a612-d1c44b57ce70",NA,"Updated budget and rerouting for approval, budget includes increase of funds","4/2/2024 10:55:16 AM > 4/2/2024 07:36:47 AM > 4/2/2024 07:34:18 AM > 3/29/2024 01:40:27 PM > 3/29/2024 01:38:12 PM > 4/9/2024 01:27:33 PM > 4/9/2024 07:32:37 PM > 4/9/2024 07:34:55 PM > 4/9/2024 07:35:38 PM > 4/10/2024 09:21:40 AM","Approved > Certified",NA,NA,"2373","7704","A Subrecipient","No","$7704","$5332","2373","7704","FY24","240648A0001",12532,"445MTDC1","College of Health Sciences",0,1,0,0,0,0,1
"25-0176-P0001","Examining the perceptions of harm reduction among peer recovery coaches and recovery organizations in Wyoming","Lauren Rose Gilbert","Kinesiology & Health","Submitted to Sponsor","ADD NEW","National Institutes of Health/Department of Health and Human Services","Kinesiology & Health","12/1/2024","11/30/2025","New","25-0176",2024-09-27 02:04:00,"55800","11/14/2024 12:00:00 AM",NA,"UT Health San Antonio","Examining the perceptions of harm reduction among peer recovery coaches and recovery organizations in Wyoming","Proposal Created > Status was changed from: In Development to Under Review > Certified > Form was edited in 'Under Review' status > Status was changed from: Under Review to Approved > Form was edited in 'Approved' status > Status was changed from: Approved to Submitted to Sponsor","Lauren Rose Gilbert > Farrell Jean Rapp > Thomas Abraham Lentner","9/27/2024 02:04:49 PM > 10/16/2024 04:30:40 PM > 10/30/2024 02:45:50 PM > 10/31/2024 08:36:17 AM > 10/31/2024 08:43:41 AM > 11/13/2024 08:23:55 AM > 11/15/2024 08:16:11 AM","Submitted 11/14/2024 by PI",NA,"4d727816-4cc7-4391-87eb-d0750051ea3f",NA,NA,"10/30/2024 01:06:00 PM > 10/30/2024 02:45:50 PM > 10/31/2024 07:33:26 AM > 10/30/2024 02:48:33 PM > 10/31/2024 08:43:41 AM","Approved > Certified",NA,"38616","17184","55800","A Subrecipient","No","55800","38616","17184","55800","FY25","250176A0001",NA,NA,"College of Health Sciences",1,0,0,0,0,0,1
"24-0801-P0002","Exploring the fit of naloxone distribution and trainings in Black communities","Lauren Rose Gilbert","Kinesiology & Health","Funded","The Regents of the University of California, San Francisco","National Institute on Drug Abuse/National Institutes of Health/Department of Health and Human Services","Kinesiology & Health","7/1/2024","4/30/2025","Renewal","24-0801",2024-10-03 10:57:00,"16482","10/11/2024 12:00:00 AM",NA,NA,"Exploring the fit of naloxone distribution and trainings in Black communities","Proposal Created > Status was changed from: In Development to Under Review > Certified > Status was changed from: Under Review to Approved > Status was changed from: Approved to Submitted to Sponsor > Status was changed from: Submitted to Sponsor to Funded","Kara Ann Enyeart > Kayleigh Ann Edgar > Lauren Rose Gilbert > Farrell Jean Rapp > Marissa K. Gannon","10/3/2024 10:57:19 AM > 10/11/2024 11:17:14 AM > 10/11/2024 12:44:40 PM > 10/14/2024 12:58:27 PM > 10/15/2024 01:58:20 PM > 2/4/2025 09:09:31 AM","PI emailed prime sponsor the subaward documents 10/15/24 > Fully executed agreement",NA,"c17cc60b-4350-4b1a-9763-539fecb6fd14",NA,"Passes pre-award checks.  IDC limited to 8% training rate by NIH FOA.  New subaward on existing project.  See 24-0801-P0001 for previous subaward on project. > AP approved sponsor indirect limitation of 8% MTDC.","10/11/2024 11:23:40 AM > 10/11/2024 12:44:40 PM > 10/12/2024 08:25:12 PM > 10/11/2024 02:34:04 PM > 10/14/2024 12:58:28 PM","Approved > Certified",NA,"15428","1054","16482","A Subrecipient","No","16482","15428","1054","16482","FY25","240801A0002",16482.24,"8MTDC1","College of Health Sciences",0,1,0,0,0,0,1
"24-0511-P0001","Exploring the needs and opportunities to address the drug overdose crisis in underserved populations in Wyoming","Lauren Rose Gilbert","Kinesiology & Health","Submitted to Sponsor","National Institutes of Health/Department of Health and Human Services",NA,"Kinesiology & Health","10/1/2024","9/30/2026","New","24-0511",2023-10-24 12:09:00,"1e+05","11/16/2023 12:00:00 AM",NA,NA,"Exploring the needs and opportunities to address the drug overdose crisis in underserved populations in Wyoming","Proposal Created > Assigned to SP Proposal Administrator: Tashina Lemons > Status was changed from: In Development to Under Review > Status was changed from: Under Review to In Development > Status was changed from: In Development to Submitted to Sponsor > Status was changed from: Submitted to Sponsor to Closed. Resolution set to: Not Funded","Tashina Lemons > Lauren Rose Gilbert > Marissa K. Gannon","10/24/2023 12:09:05 PM > 10/25/2023 07:53:32 AM > 11/10/2023 03:23:58 PM > 11/10/2023 03:40:23 PM > 11/30/2023 10:39:49 AM > 2/6/2025 01:54:03 PM","Will only be reviewed for accuracy of submission. This is a LRP individual submission > LRP for student loan repayment. In ROAM for tracking and review only. No routing required. > Not Funded",NA,"0fa68a50-d3ef-4b56-96a7-50460543e5b3","Not Funded",NA,"11/10/2023 03:40:24 PM","Cancelled > Not Completed",NA,"1e+05","0","1e+05",NA,"Yes","100000","100000","0","100000","FY24","240511A0001",NA,NA,"College of Health Sciences",1,0,0,0,0,0,1
"24-0933-P0001","Grand Teton National Park Climate and Archaeology","William Randall Haas","Anthropology","Funded","National Park Service/Department of the Interior",NA,"Anthropology","6/14/2024","12/31/2028","New","24-0933",2024-04-08 01:09:00,"161137","4/15/2024 12:00:00 AM",NA,NA,"CESU: A Climate Impact Assessment of High Vulnerability, Culturally Significant Archaeology at Grand Teton National Park","Proposal Created > Assigned to SP Proposal Administrator: Thomas Abraham Lentner > Status was changed from: In Development to Under Review > Certified > Status was changed from: Under Review to In Development > Status was changed from: Under Review to Approved > Status was changed from: Approved to Submitted to Sponsor > Status was changed from: Submitted to Sponsor to Under Consideration > Status was changed from: Under Consideration to Funded","William Randall Haas > Thomas Abraham Lentner > Farrell Jean Rapp","4/8/2024 01:09:13 PM > 4/8/2024 01:45:26 PM > 4/10/2024 02:32:05 PM > 4/10/2024 03:17:06 PM > 4/10/2024 03:34:24 PM > 4/10/2024 03:35:29 PM > 4/10/2024 03:52:38 PM > 4/11/2024 08:41:10 AM > 4/12/2024 11:38:53 AM > 4/25/2024 02:08:39 PM > 9/27/2024 09:34:57 AM","To fix budget error on RoamWyo Entry
 > Sponsor working actively with PI to develop a CESU task agreement for this budget and scope of work.  A task agreement is likely forthcoming in the next few weeks. > Notice received on 04/12/2024 - see attachments
 > Funded.",NA,"47d9d0f0-6b15-4127-b1f1-304713d6e6e6",NA,"CESU agreement from NPS - specifically for work in Grant Teton NP.  CESU agreement forthcoming after signed 424s are submitted. > Fixed error on budget summary tab in RoamWyo.  Ready for review and approval","4/10/2024 03:17:06 PM > 4/10/2024 02:32:48 PM > 4/10/2024 03:35:55 PM > 4/10/2024 03:52:38 PM > 4/11/2024 08:26:04 AM > 4/10/2024 04:04:45 PM > 4/11/2024 08:41:10 AM","Certified > Approved",NA,"137138","23999","161137",NA,"Yes","161137","137138","23999","161137","FY24","240933A0001",161137.19,"175MTDC1","College of Arts & Sciences",0,1,0,0,0,0,1
"25-0391-P0001","HIEH: Historical Insights Engine for Humanities","Shivanand Venkanna Sheshappanavar","Electrical Engineering & Computer Science","Submitted to Sponsor","National Endowment for the Humanities",NA,"Electrical Engineering & Computer Science","9/1/2025","8/31/2027","New","25-0391",2024-12-27 02:30:00,"149661","1/9/2025 12:00:00 AM",NA,NA,"HIEH: Historical Insights Engine for Humanities","Proposal Created > Status was changed from: In Development to Under Review > Status was changed from: Under Review to In Development > Certified > Status was changed from: Under Review to Approved > Assigned to SP Proposal Administrator: Marissa K. Gannon > Status was changed from: Approved to Submitted to Sponsor","Shivanand Venkanna Sheshappanavar > Janissa Marie Analissia Martinez > Marissa K. Gannon > Thomas Abraham Lentner > Isadora Anderson Helfgott > Farrell Jean Rapp","12/27/2024 02:30:06 AM > 12/27/2024 03:07:22 AM > 1/2/2025 12:58:17 PM > 1/3/2025 02:24:52 PM > 1/3/2025 02:29:01 PM > 1/3/2025 02:35:43 PM > 1/3/2025 05:45:42 PM > 1/5/2025 06:08:13 PM > 1/7/2025 08:49:37 AM > 1/10/2025 12:30:52 PM > 1/10/2025 12:53:11 PM","update form fields > updating sponsored effort > Submitted via S2S on 01/10/2025",NA,"75b1f822-6269-4bde-8b6c-51e1e104027f",NA,"Passes pre-award checks.","1/3/2025 02:40:48 PM > 1/5/2025 06:08:13 PM > 1/3/2025 05:45:42 PM > 1/7/2025 08:38:42 AM > 1/6/2025 09:05:17 AM > 1/6/2025 08:48:08 AM > 1/7/2025 08:49:37 AM","Approved > Certified",NA,"110943","38718","149661",NA,"Yes","149661","110943","38718","149661","FY25","250391A0001",NA,NA,"College of Engineering & Physical Sciences",1,0,0,0,0,0,1
"25-0118-P0001","Helicity-resolved magneto-Raman microscopy for topological chiral phonon studies in 2D magnet-semiconductor lateral multijunction","Yu-Tsung Tsai","Physics & Astronomy","Submitted to Sponsor","National Science Foundation",NA,"Physics & Astronomy","4/9/2025","4/8/2027","New","25-0118",2024-09-06 05:04:00,"199928","10/9/2024 12:00:00 AM",NA,NA,"ERI: Helicity-resolved magneto-Raman microscopy for topological chiral phonon studies in 2D magnet-semiconductor lateral multijunction","Proposal Created > Assigned to SP Proposal Administrator: Thomas Abraham Lentner > Status was changed from: In Development to Under Review > Certified > Form was edited in 'Under Review' status > Status was changed from: Under Review to Approved > Status was changed from: Approved to Submitted to Sponsor","Shawna M. McBride > Farrell Jean Rapp > Thomas Abraham Lentner > Yu-Tsung Tsai > John Ruess","9/6/2024 05:04:13 PM > 9/10/2024 04:08:45 PM > 10/3/2024 04:37:48 PM > 10/3/2024 04:40:20 PM > 10/4/2024 08:17:17 AM > 10/4/2024 08:17:28 AM > 10/4/2024 09:35:41 AM","submitted",NA,"3478badf-6a9a-4ee4-a8ea-3b03910dd1f4",NA,"Passes pre-award checks.","10/3/2024 04:38:20 PM > 10/3/2024 04:40:20 PM > 10/3/2024 08:16:24 PM > 10/3/2024 04:44:35 PM > 10/4/2024 08:17:28 AM","Approved > Certified",NA,"145722","54206","199928",NA,"Yes","199928","145722","54206","199928","FY25","250118A0001",NA,NA,"College of Engineering & Physical Sciences",1,0,0,0,0,0,1
"25-0039-P0001","Improving Space Vegetable Yield and Quality through Advanced Rhizosphere Management Techniques","Ji-Jhong Chen","Plant Sciences","Submitted to Sponsor","National Aeronautics and Space Administration",NA,"Plant Sciences","2/1/2025","1/31/2027","New","25-0039",2024-07-30 10:48:00,"299945","8/15/2024 12:00:00 AM",NA,NA,"Improving Space Vegetable Yield and Quality through Advanced Rhizosphere Management Techniques","Proposal Created > Assigned to SP Proposal Administrator: John Ruess > Status was changed from: In Development to Under Review > Assigned to SP Proposal Administrator: Kayleigh Ann Edgar > Status was changed from: Under Review to In Development > Certified > Status was changed from: Under Review to Approved > Status was changed from: Approved to Submitted to Sponsor","Jian Gong > Inna Willis > Ji-Jhong Chen > Thomas Abraham Lentner > Kayleigh Ann Edgar > Michael R. Baldwin > Shawna M. McBride > Farrell Jean Rapp","7/30/2024 10:48:23 AM > 8/1/2024 01:27:55 PM > 8/2/2024 11:25:52 AM > 8/12/2024 09:12:57 AM > 8/12/2024 03:37:03 PM > 8/12/2024 04:20:01 PM > 8/13/2024 07:43:21 AM > 8/13/2024 09:25:18 AM > 8/13/2024 09:54:02 AM > 8/13/2024 10:19:46 AM > 8/14/2024 04:08:45 PM > 8/15/2024 12:21:47 PM","Updating form fields > Manual Approvals. See notes and attachments. > submitted",NA,"16fdfd3b-f09e-4d5a-a5f9-ae27cedad950",NA,"Passes Pre-award check","8/13/2024 07:26:30 AM > 8/13/2024 10:19:46 AM > 8/13/2024 09:54:02 AM > 8/13/2024 09:25:18 AM > 8/13/2024 07:43:21 AM > 8/13/2024 02:33:53 PM > 8/13/2024 11:46:17 AM > 8/13/2024 10:26:27 AM > 8/13/2024 10:23:48 AM > 8/13/2024 10:23:44 AM","Approved > Certified > Not Completed",NA,"214938","85007","299945",NA,"Yes","299945","214938","85007","299945","FY25","250039A0001",NA,NA,"College of Agriculture, Life Sciences & Natural Resources",1,0,0,0,0,0,1
"24-0510-P0001","LEADing by example: Developing a mentoring program for substance use prevention in Black youths with individuals with lived experiences","Lauren Rose Gilbert","Kinesiology & Health","Submitted to Sponsor","National Institute on Drug Abuse/National Institutes of Health/Department of Health and Human Services",NA,"Kinesiology & Health","7/1/2024","6/30/2029","New","24-0510",2023-10-24 12:06:00,"3499744","11/14/2023 12:00:00 AM",NA,NA,"LEADing by example: Developing a dual-phased substance use prevention mentoring program for justice involved Black youths with individuals with lived experiences and workforce development training","Proposal Created > Assigned to SP Proposal Administrator: Tashina Lemons > Status was changed from: In Development to Under Review > Certified > Status was changed from: Under Review to Approved > Status was changed from: Approved to Submitted to Sponsor > Status was changed from: Submitted to Sponsor to Closed. Resolution set to: Not Funded","Tashina Lemons > Lauren Rose Gilbert > Farrell Jean Rapp > Marissa K. Gannon","10/24/2023 12:06:36 PM > 10/24/2023 12:08:39 PM > 11/9/2023 06:09:39 PM > 11/10/2023 08:14:36 AM > 11/13/2023 04:15:43 PM > 11/14/2023 02:14:57 PM > 2/6/2025 01:55:04 PM","Submitted to sponsor 11/14/23 > Not Funded",NA,"7d8406a2-9a4d-4dc1-a0d0-b9ddf8cf3de7","Not Funded","Approved.","11/13/2023 04:15:44 PM > 11/13/2023 02:24:16 PM > 11/13/2023 02:18:34 PM > 11/10/2023 08:14:36 AM > 11/9/2023 06:09:47 PM","Approved > Certified",NA,"2899304","600440","3500000",NA,"Yes","3499744","2899304","600440","3500000","FY24","240510A0001",NA,NA,"College of Health Sciences",1,0,0,0,0,0,1
"25-0400-P0001","LEAPS-MPS: Low-Temperature Raman Microscopy of 2D chiral phonons in functionalized 2D lateral multijunctions","Yu-Tsung Tsai","Physics & Astronomy","In Development","National Science Foundation",NA,"Physics & Astronomy",NA,NA,"New","25-0400",2025-01-05 05:04:00,NA,"4/11/2025 12:00:00 AM",NA,NA,"LEAPS-MPS:Low-Temperature Raman Microscopy of 2D chiral phonons in functionalized 2D lateral multijunctions","Proposal Created > Assigned to SP Proposal Administrator: Janissa Marie Analissia Martinez","Yu-Tsung Tsai > Marissa K. Gannon","1/5/2025 05:04:42 PM > 1/6/2025 10:10:57 AM",NA,NA,"41840b18-e88b-4ead-aa35-bf5381646899",NA,NA,NA,"Not Yet Active",NA,NA,NA,NA,NA,"Yes",NA,NA,NA,NA,"FY25","250400A0001",NA,NA,"College of Engineering & Physical Sciences",0,0,0,0,1,0,0
"25-0354-P0001","Membrane proteins driving a cell-cell fusion reaction during fertilization","Jennifer F Pinello","Molecular Biology","Under Consideration","National Institutes of Health/Department of Health and Human Services",NA,"Molecular Biology","3/1/2025","3/1/2028","Transfer","25-0354",2024-12-04 04:06:00,"746994","12/6/2024 12:00:00 AM",NA,NA,"Membrane proteins driving a cell-cell fusion reaction during fertilization","Proposal Created > Status was changed from: In Development to Under Review > Certified > Status was changed from: Under Review to Approved > Status was changed from: Approved to Submitted to Sponsor > Status was changed from: Submitted to Sponsor to Under Consideration","John Ruess > Jennifer F Pinello > Farrell Jean Rapp","12/4/2024 04:06:17 PM > 12/4/2024 04:39:53 PM > 12/4/2024 04:43:19 PM > 12/5/2024 08:21:45 AM > 12/6/2024 12:21:45 PM > 1/21/2025 11:28:54 AM","submitted > Under consideration by NIH. JIT information in progress.",NA,"2f50ee9a-fa13-4ba9-89d8-7f718d72e420",NA,NA,"12/4/2024 04:40:08 PM > 12/4/2024 04:43:19 PM > 12/5/2024 07:04:46 AM > 12/5/2024 06:14:49 AM > 12/5/2024 08:21:45 AM","Approved > Certified",NA,"529000","217994","746994",NA,"Yes","746994","529000","217994","746994","FY25","250354A0001",NA,NA,"College of Agriculture, Life Sciences & Natural Resources",0,0,0,1,0,0,0
"25-0211-P0001","Multimodal Large Language Models for Long-Form Visual Question Answering in Controlled Environment Agriculture","Shivanand Venkanna Sheshappanavar","Electrical Engineering & Computer Science","Not Submitted to Sponsor","National Science Foundation",NA,"Electrical Engineering & Computer Science","7/1/2025","5/30/2028","New","25-0211",2024-10-09 08:52:00,"594708","10/23/2024 12:00:00 AM",NA,NA,"Multimodal Large Language Models for Long-Form Visual Question Answering in Controlled Environment Agriculture","Proposal Created > Status was changed from: In Development to Under Review > Status was changed from: Under Review to In Development > Assigned to SP Proposal Administrator: John Ruess > Status was changed from: In Development to Closed. Resolution set to: PI Abandoned","Shivanand Venkanna Sheshappanavar > Janissa Marie Analissia Martinez > John Ruess","10/9/2024 08:52:53 AM > 10/9/2024 09:11:27 AM > 10/9/2024 12:02:00 PM > 10/9/2024 12:02:35 PM > 10/21/2024 09:25:41 AM","new proposal > Not submitting",NA,"b7e8e65f-7189-4a2c-8ed4-be96c6c75b1e","PI Abandoned",NA,NA,"Not Completed",NA,"476512","118196","594708",NA,"Yes","594708","476512","118196","594708","FY25","250211A0001",NA,NA,"College of Engineering & Physical Sciences",0,0,1,0,0,0,0
"24-0653-P0001","Multisectoral Partnerships to Chronicle and Assess the Impact of Climate Change Disaster Events on Affordable Housing and Mental Health Outcomes in Underserved Communities","Lauren Rose Gilbert","Kinesiology & Health","Funded","University of Houston","ADD NEW","Kinesiology & Health","10/1/2023","8/31/2025","New","24-0653",2023-12-15 04:10:00,"80392","2/13/2024 12:00:00 AM",NA,"National Academy of Sciences, Engineering and Medicine","Multisectoral Partnerships to Chronicle and Assess the Impact of Climate Change Disaster Events on Affordable Housing and Mental Health Outcomes in Underserved Communities","Proposal Created > Status was changed from: In Development to Under Review > Certified > Status was changed from: Under Review to Approved > Status was changed from: Approved to In Development > Status was changed from: In Development to Submitted to Sponsor > Assigned to SP Proposal Administrator: Thomas Abraham Lentner > Status was changed from: Submitted to Sponsor to Funded","Lauren Rose Gilbert > Kasi Smart > Farrell Jean Rapp > Inna Willis","12/15/2023 04:10:55 PM > 2/7/2024 10:54:42 AM > 2/7/2024 11:22:18 AM > 2/8/2024 08:31:42 AM > 2/13/2024 09:42:09 AM > 2/13/2024 09:42:46 AM > 7/12/2024 03:16:07 PM > 11/1/2024 03:34:54 PM","fixing submission field > submitted material to University of Houston > Funded.",NA,"bcd8585b-314c-4e84-bc89-fa90607ad773",NA,"This is money from the PI's previous institution that is being reallocated as a sub-award for her at University of Wyoming.","2/8/2024 08:31:43 AM > 2/8/2024 07:44:20 AM > 2/8/2024 07:06:41 AM > 2/7/2024 11:22:18 AM > 2/7/2024 10:54:52 AM","Approved > Certified > Not Completed",NA,"51866","28526","80392","A Subrecipient","No","80392","51866","28526","80392","FY24","240653A0001",36920,"445MTDC1","College of Health Sciences",0,1,0,0,0,0,1
"24-1012-P0001","NASA MAP 2024","Masanori Saito","Atmospheric Science","Submitted to Sponsor","National Aeronautics and Space Administration","National Aeronautics and Space Administration","Atmospheric Science","1/1/2025","12/31/2028","New","24-1012",2024-05-08 09:52:00,"30330","6/8/2024 12:00:00 AM",NA,NA,"Characterizing the Variability of Dust Mineralogy, Dust-borne Nutrients and Direct Radiative Effect Over the Past Two Decades","Proposal Created > Assigned to SP Proposal Administrator: John Ruess > Status was changed from: In Development to Under Review > Status was changed from: Under Review to In Development > Certified > Status was changed from: Under Review to Approved > Status was changed from: Approved to Submitted to Sponsor","Masanori Saito > Thomas Abraham Lentner > John Ruess > Farrell Jean Rapp","5/8/2024 09:52:54 AM > 5/8/2024 04:04:45 PM > 6/4/2024 09:09:38 AM > 6/4/2024 10:00:56 AM > 6/4/2024 10:01:33 AM > 6/4/2024 10:01:49 AM > 6/4/2024 10:01:57 AM > 6/4/2024 10:04:56 AM > 6/4/2024 01:32:20 PM > 6/10/2024 01:59:10 PM","edits > submitted",NA,"0dad3e5a-47ad-40e7-afd9-bfdc002e37e4",NA,NA,"6/4/2024 10:02:06 AM > 6/4/2024 10:04:56 AM > 6/4/2024 10:53:30 AM > 6/4/2024 10:42:23 AM > 6/4/2024 01:32:20 PM","Approved > Certified",NA,"20990","9340","30330","A Subrecipient","No","30330","20990","9340","30330","FY24","241012A0001",NA,NA,"College of Engineering & Physical Sciences",1,0,0,0,0,0,1
"25-0349-P0001","NASA PACE 2024","Masanori Saito","Atmospheric Science","Submitted to Sponsor","University of Michigan","National Aeronautics and Space Administration","Atmospheric Science","9/1/2025","8/31/2028","New","25-0349",2024-12-03 08:43:00,"248914","1/9/2025 12:00:00 AM",NA,NA,"Space-based characterization of airborne pollen aerosols with PACE retrievals","Proposal Created > Assigned to SP Proposal Administrator: John Ruess > Status was changed from: In Development to Under Review > Status was changed from: Under Review to In Development > Certified > Status was changed from: Under Review to Approved > Status was changed from: Approved to Submitted to Sponsor","Masanori Saito > Marissa K. Gannon > John Ruess > Farrell Jean Rapp","12/3/2024 08:43:32 AM > 12/4/2024 10:47:35 AM > 1/6/2025 08:50:20 AM > 1/6/2025 08:51:08 AM > 1/6/2025 08:51:42 AM > 1/6/2025 08:59:04 AM > 1/6/2025 04:47:36 PM > 1/7/2025 07:42:10 AM","edit > submitted",NA,"06e249ef-ac52-441b-b767-401482d597b2",NA,NA,"1/6/2025 08:50:30 AM > 1/6/2025 08:51:50 AM > 1/6/2025 08:59:04 AM > 1/6/2025 04:25:44 PM > 1/6/2025 09:07:04 AM > 1/6/2025 04:47:36 PM","Approved > Certified",NA,"183795","65119","248914","A Subrecipient","No","248914","183795","65119","248914","FY25","250349A0001",NA,NA,"College of Engineering & Physical Sciences",1,0,0,0,0,0,1
"25-0319-P0001","NASA PMMCCST 2024","Masanori Saito","Atmospheric Science","Submitted to Sponsor","National Aeronautics and Space Administration",NA,"Atmospheric Science","5/20/2025","5/19/2028","New","25-0319",2024-11-17 08:07:00,"504231","11/20/2024 12:00:00 AM",NA,NA,"Characterizing 3D Climatology of Liquid, Ice, and Mixed-Phase Cloud Properties Using CALIPSO-CloudSat Measurements and Bridging Toward The EarthCARE and AOS Missions","Proposal Created > Status was changed from: In Development to Under Review > Status was changed from: Under Review to In Development > Certified > Status was changed from: Under Review to Approved > Status was changed from: Approved to Submitted to Sponsor","Masanori Saito > John Ruess > Farrell Jean Rapp > Janissa Marie Analissia Martinez","11/17/2024 08:07:15 PM > 11/19/2024 01:15:15 AM > 11/19/2024 08:24:05 AM > 11/19/2024 08:25:34 AM > 11/19/2024 11:47:59 AM > 11/19/2024 02:23:16 PM > 11/20/2024 04:51:11 PM","edit > Submitted 11/20/2024.  24-PMMCCST24-0112",NA,"c11a34b2-451e-461f-9c28-18f1e76ae797",NA,NA,"11/19/2024 08:25:42 AM > 11/19/2024 11:47:59 AM > 11/19/2024 02:14:49 PM > 11/19/2024 12:39:56 PM > 11/19/2024 02:23:16 PM","Approved > Certified",NA,"360485","143746","504231",NA,"Yes","504231","360485","143746","504231","FY25","250319A0001",NA,NA,"College of Engineering & Physical Sciences",1,0,0,0,0,0,1
"24-0148-P0001","NASA ROSES-2023 A.39 ECIPES","Masanori Saito","Atmospheric Science","Submitted to Sponsor","National Aeronautics and Space Administration",NA,"Atmospheric Science","2/11/2024","2/10/2027","New","24-0148",2023-08-08 02:51:00,"289285","8/11/2023 12:00:00 AM",NA,NA,"Improving the cloud and precipitating hydrometeor type classification using the A-Train active sensor observations with a physics-based approach","Proposal Created > Status was changed from: In Development to Under Review > Status was changed from: Under Review to In Development > Certified > Status was changed from: Under Review to Approved > Status was changed from: Approved to Submitted to Sponsor > Status was changed from: Submitted to Sponsor to Closed. Resolution set to: Not Funded","Masanori Saito > John Ruess > Farrell Jean Rapp > Tashina Lemons","8/8/2023 02:51:00 PM > 8/8/2023 03:19:04 PM > 8/8/2023 03:31:13 PM > 8/8/2023 03:57:37 PM > 8/8/2023 06:02:58 PM > 8/9/2023 09:49:19 AM > 8/11/2023 11:02:49 AM > 9/23/2024 03:09:08 PM","Submitted to sponsor 8/11/23 > NPSIRES is showing a proposal status of declined.",NA,"bfdf8a72-4fe1-4910-aff2-ac7a8f1c69df","Not Funded","5-8-23 > making edits","8/9/2023 09:49:19 AM > 8/9/2023 08:35:22 AM > 8/8/2023 06:33:22 PM > 8/8/2023 06:02:58 PM > 8/8/2023 04:00:29 PM > 8/8/2023 03:31:13 PM","Approved > Certified > Declined",NA,"210656","78629","289285",NA,"Yes","289285","210656","78629","289285","FY24","240148A0001",NA,NA,"College of Engineering & Physical Sciences",1,0,0,0,0,0,1
"25-0021-P0001","NASA ROSES-2024 A.28 Remote Sensing Theory","Masanori Saito","Atmospheric Science","Submitted to Sponsor","National Aeronautics and Space Administration",NA,"Atmospheric Science","6/16/2025","6/15/2027","New","25-0021",2024-07-16 12:40:00,"387175","9/16/2024 12:00:00 AM",NA,NA,"The development and validation of a radiative correction method for the cloud 3D effects for passive cloud remote sensing","Proposal Created > Assigned to SP Proposal Administrator: John Ruess > Status was changed from: In Development to Under Review > Status was changed from: Under Review to In Development > Certified > Status was changed from: Under Review to Approved > Status was changed from: Approved to Submitted to Sponsor","Masanori Saito > Inna Willis > John Ruess > Farrell Jean Rapp > Kayleigh Ann Edgar","7/16/2024 12:40:07 PM > 8/1/2024 01:30:20 PM > 9/10/2024 09:01:17 AM > 9/10/2024 01:29:54 PM > 9/10/2024 01:31:53 PM > 9/10/2024 01:32:29 PM > 9/10/2024 04:18:04 PM > 9/16/2024 01:25:58 PM","edit total > 9/16/24 Submitted to NASA via NSPIRES (Proposal # 24-RST24-0074 in NSPIRES)",NA,"f978bcb5-0af9-4faa-af14-c3e19fc278e4",NA,NA,"9/10/2024 01:32:03 PM > 9/10/2024 01:32:29 PM > 9/10/2024 02:55:23 PM > 9/10/2024 02:51:02 PM > 9/10/2024 04:18:04 PM","Approved > Certified",NA,"250959","136216","387216",NA,"Yes","387175","250959","136216","387216","FY25","250021A0001",NA,NA,"College of Engineering & Physical Sciences",1,0,0,0,0,0,1
"24-1077-P0001","NASA USPI 2024","Masanori Saito",NA,"Submitted to Sponsor","National Aeronautics and Space Administration",NA,"Atmospheric Science","1/19/2025","1/18/2030","New","24-1077",2024-06-10 11:12:00,"574703","7/19/2024 12:00:00 AM",NA,NA,"Developing a physics-based remote sensing algorithm for characterizing aerosol species and optical properties using a state-of-the-art triplewavelength Raman lidar in support of the CALIGOLA mission","Proposal Created > Assigned to SP Proposal Administrator: John Ruess > Status was changed from: In Development to Under Review > Status was changed from: Under Review to In Development > Certified > Status was changed from: Under Review to Approved > Status was changed from: Approved to Submitted to Sponsor > Status was changed from: Submitted to Sponsor to Closed. Resolution set to: Not Funded","Masanori Saito > Inna Willis > John Ruess > Farrell Jean Rapp","6/10/2024 11:12:12 AM > 6/13/2024 04:07:17 PM > 7/16/2024 12:27:49 PM > 7/16/2024 03:04:11 PM > 7/16/2024 03:24:31 PM > 7/16/2024 03:27:42 PM > 7/16/2024 03:28:48 PM > 7/16/2024 03:29:22 PM > 7/17/2024 01:52:17 PM > 7/19/2024 03:25:11 PM > 1/8/2025 09:40:13 AM","edits, see email > edit amounts > submitted > Per status in NSPIRES.",NA,"bd8f3546-d320-42e0-b8c9-37852fb842e8","Not Funded",NA,"7/16/2024 03:28:57 PM > 7/16/2024 03:29:22 PM > 7/17/2024 08:35:11 AM > 7/17/2024 01:52:17 PM","Approved > Certified",NA,"415867","158836","574703",NA,"Yes","574703","415867","158836","574703","FY24","241077A0001",NA,NA,NA,1,0,0,0,0,0,1
"24-1007-P0001","NSF CAREER 2024","Masanori Saito","Atmospheric Science","Submitted to Sponsor","National Science Foundation",NA,"Atmospheric Science","6/1/2025","5/31/2030","New","24-1007",2024-05-06 03:27:00,"700001","7/24/2024 12:00:00 AM",NA,NA,"Investigating Cloud Glaciation in Mixed-Phase Clouds Using Advanced Airborne Remote Sensing Observations","Proposal Created > Assigned to SP Proposal Administrator: John Ruess > Status was changed from: In Development to Under Review > Certified > Status was changed from: Under Review to Approved > Status was changed from: Approved to Submitted to Sponsor > Status was changed from: Submitted to Sponsor to Closed. Resolution set to: Not Funded","Masanori Saito > Thomas Abraham Lentner > Farrell Jean Rapp > Inna Willis","5/6/2024 03:27:18 PM > 5/8/2024 04:09:58 PM > 7/17/2024 03:33:50 PM > 7/19/2024 12:35:58 PM > 7/22/2024 08:18:09 AM > 7/25/2024 11:33:57 AM > 1/20/2025 02:36:56 PM","submitted > NSF is unable to support this proposal.",NA,"4a20e526-f037-4d2b-b6b7-c75265627cc1","Not Funded",NA,"7/19/2024 10:07:45 AM > 7/19/2024 12:35:58 PM > 7/19/2024 05:46:18 PM > 7/19/2024 03:00:29 PM > 7/22/2024 08:18:09 AM","Approved > Certified",NA,"509013","190988","700001",NA,"Yes","700001","509013","190988","700001","FY24","241007A0001",NA,NA,"College of Engineering & Physical Sciences",1,0,0,0,0,0,1
"25-0294-P0001","NSF-MRI-track 2-23519: Development of a Tabletop LHe-Free Cryogenic Modular Nanophotonic System","Yu-Tsung Tsai","Physics & Astronomy","Submitted to Sponsor","National Science Foundation",NA,"Physics & Astronomy","9/1/2025","8/31/2028","New","25-0294",2024-11-06 10:10:00,"2611692","11/15/2024 12:00:00 AM",NA,NA,"NSF-MRI-track 2-23519: Development of a Tabletop LHe-Free Cryogenic Modular Nanophotonic System with a 3D Vector Magnet (Opticnano3DM)","Proposal Created > Status was changed from: In Development to Under Review > Certified > Form was edited in 'Under Review' status > Status was changed from: Under Review to Approved > Status was changed from: Approved to Submitted to Sponsor","Thomas Abraham Lentner > John Ruess > Yu-Tsung Tsai > Farrell Jean Rapp","11/6/2024 10:10:12 AM > 11/12/2024 09:53:56 AM > 11/12/2024 10:01:25 AM > 11/12/2024 01:14:13 PM > 11/12/2024 01:15:01 PM > 11/15/2024 05:35:27 PM","Submitted 3:12pm 11/15/2024 CR",NA,"38b119e7-29a4-4b62-8686-e151972bdca9",NA,NA,"11/12/2024 09:54:05 AM > 11/12/2024 10:01:25 AM > 11/12/2024 12:13:53 PM > 11/12/2024 10:02:01 AM > 11/12/2024 01:15:02 PM","Approved > Certified",NA,"2408530","203161","2611692",NA,"Yes","2611692","2408530","203161","2611692","FY25","250294A0001",NA,NA,"College of Engineering & Physical Sciences",1,0,0,0,0,0,1
"25-0488-P0001","Nevada NSF EPSCoR FEC-RII","Masanori Saito","Atmospheric Science","Submitted to Sponsor","National Science Foundation",NA,"Atmospheric Science","7/1/2025","6/30/2029","New","25-0488",2025-01-24 08:18:00,"1080636","1/28/2025 12:00:00 AM",NA,NA,"Collaborative Research: FEC: Optical Properties of Mineral Dust Aerosols: Building Capacity for Use-Inspired Applications Through Experimental and Theoretical Investigations","Proposal Created > Status was changed from: In Development to Under Review > Status was changed from: Under Review to In Development > Certified > Form was edited in 'Under Review' status > Status was changed from: Under Review to Approved > Status was changed from: Approved to Submitted to Sponsor","Masanori Saito > Thomas Abraham Lentner > Janissa Marie Analissia Martinez > John Ruess > Farrell Jean Rapp > Marissa K. Gannon","1/24/2025 08:18:16 AM > 1/24/2025 08:29:46 AM > 1/24/2025 01:02:46 PM > 1/24/2025 02:34:27 PM > 1/27/2025 10:08:40 AM > 1/27/2025 11:49:33 AM > 1/27/2025 02:33:37 PM > 1/27/2025 02:38:10 PM > 1/27/2025 02:43:32 PM > 1/27/2025 03:29:27 PM > 1/27/2025 04:23:11 PM > 1/28/2025 09:16:14 AM > 1/28/2025 10:44:47 AM > 1/28/2025 10:45:26 AM > 1/28/2025 03:48:43 PM","Update fields > Update form fields for review > Updating to reflect final budget
 > edits > submitted",NA,"e65e7624-e3c3-4446-b7a0-38584e62f074",NA,"Passes pre-award checks.  Updated budget and subaward docs attached. > Passes pre-award checks","1/27/2025 02:43:32 PM > 1/27/2025 02:38:32 PM > 1/28/2025 08:31:06 AM > 1/28/2025 09:16:14 AM > 1/28/2025 10:29:18 AM > 1/28/2025 09:49:26 AM > 1/28/2025 10:45:26 AM","Certified > Approved",NA,"777304","303332","1080636","A collaborative proposal","No","1080636","777304","303332","1080636","FY25","250488A0001",NA,NA,"College of Engineering & Physical Sciences",1,0,0,0,0,0,1
"24-0695-P0001","Next-Generation Monitoring and Prediction System for Available  Solar Energy in the U.S. Mountain West","Masanori Saito","Atmospheric Science","Submitted to Sponsor","U.S. Department of Energy",NA,"Atmospheric Science","1/1/2025","12/31/2028","New","24-0695",2024-01-16 10:12:00,"999602","2/28/2024 12:00:00 AM",NA,NA,"Next-Generation Monitoring and Prediction System for Available  Solar Energy in the U.S. Mountain West","Proposal Created > Assigned to SP Proposal Administrator: Thomas Abraham Lentner > Assigned to SP Proposal Administrator: John Ruess > Unassigned from SP Proposal Administrator: Thomas Abraham Lentner > Status was changed from: In Development to Under Review > Certified > Status was changed from: Under Review to Approved > Status was changed from: Approved to Submitted to Sponsor > Status was changed from: Submitted to Sponsor to Closed. Resolution set to: Not Funded","Masanori Saito > Thomas Abraham Lentner > John Ruess > Farrell Jean Rapp","1/16/2024 10:12:41 AM > 1/17/2024 09:58:19 AM > 2/5/2024 09:42:25 AM > 2/9/2024 10:36:30 AM > 2/27/2024 10:08:08 AM > 2/27/2024 10:09:37 AM > 2/27/2024 02:38:09 PM > 2/28/2024 04:25:15 PM > 8/22/2024 02:36:41 PM","see confirmation > Not selected for funding.",NA,"e3e616c0-4fea-4871-babc-805289cd74ed","Not Funded",NA,"2/27/2024 10:08:15 AM > 2/27/2024 10:09:37 AM > 2/27/2024 02:30:38 PM > 2/27/2024 02:36:32 PM > 2/27/2024 02:38:09 PM","Approved > Certified",NA,"713102","286500","999602",NA,"Yes","999602","713102","286500","999602","FY24","240695A0001",NA,NA,"College of Engineering & Physical Sciences",1,0,0,0,0,0,1
"24-0513-P0001","Older Adults' Daily Prospective Memory Lapses: Examining Links with Inflammation, Neurodegeneration, and Gender to Inform Early Identification of Cognitive Decline and Impairment","Erin Harrington","Psychology","Not Submitted to Sponsor","National Institute on Aging/National Institutes of Health/Department of Health and Human Services",NA,"Psychology","8/1/2024","7/31/2026","New","24-0513",2023-10-24 03:35:00,NA,"11/16/2023 12:00:00 AM",NA,NA,"Older Adults' Daily Prospective Memory Lapses: Examining Links with Inflammation, Neurodegeneration, and Gender to Inform Early Identification of Cognitive Decline and Impairment","Proposal Created > Assigned to SP Proposal Administrator: John Ruess > Status was changed from: In Development to Closed. Resolution set to: PI Abandoned","Erin Harrington > Tashina Lemons > John Ruess","10/24/2023 03:35:05 PM > 10/25/2023 07:51:22 AM > 2/19/2024 02:29:24 PM","Did not need to be ran through ROAM Wyo, admin close for reporting purposes",NA,"5c07f5dc-f915-4b1c-acc3-8921e0106aff","PI Abandoned",NA,NA,"Not Completed",NA,NA,NA,NA,NA,"Yes",NA,NA,NA,NA,"FY24","240513A0001",NA,NA,"College of Arts & Sciences",0,0,1,0,0,0,0
"24-1062-P0001","OpenGrocery: An Open Source Infrastructure for Grocery Recognition","Shivanand Venkanna Sheshappanavar","Electrical Engineering & Computer Science","Submitted to Sponsor","National Science Foundation",NA,"Electrical Engineering & Computer Science","1/15/2025","1/15/2027","New","24-1062",2024-05-31 06:41:00,"174720","9/18/2024 12:00:00 AM",NA,NA,"CRII: HCC: OpenGrocery: Development of an Open-source Infrastructure for Grocery Recognition","Proposal Created > Assigned to SP Proposal Administrator: John Ruess > Status was changed from: In Development to Under Review > Status was changed from: Under Review to In Development > Certified > Status was changed from: Under Review to Approved > Status was changed from: Approved to Submitted to Sponsor","Shivanand Venkanna Sheshappanavar > Inna Willis > Ashlee Marie Kupilik > Kayleigh Ann Edgar > Farrell Jean Rapp > John Ruess","5/31/2024 06:41:43 PM > 6/25/2024 12:56:52 PM > 8/28/2024 10:29:25 PM > 9/4/2024 12:36:04 PM > 9/13/2024 07:24:23 AM > 9/13/2024 11:39:08 AM > 9/13/2024 02:54:28 PM > 9/13/2024 04:11:40 PM > 9/16/2024 09:33:25 AM > 9/18/2024 02:18:46 PM","Shivanand accidentally moved this to Under Review. Per their request, I am moving it back to In Development. > Updating fields > Submitted to sponsor",NA,"030ed617-ce7b-47c4-9924-2be1241aa570",NA,"Passes Pre-Award checks.  Ready for approval.  NSF, standard IDC.","9/13/2024 03:57:14 PM > 9/13/2024 04:11:40 PM > 9/16/2024 09:20:28 AM > 9/13/2024 06:42:05 PM > 9/16/2024 09:33:25 AM","Approved > Certified",NA,"128284","46435","174720",NA,"Yes","174720","128284","46435","174720","FY24","241062A0001",NA,NA,"College of Engineering & Physical Sciences",1,0,0,0,0,0,1
"25-0213-P0001","Optimize Soil Heating System Management in Season Extenders to Extend Growing Season and Productivity of Locally Grown Vegetables in Wyoming","Ji-Jhong Chen","Plant Sciences","Submitted to Sponsor","Montana State University","National Institute of Food and Agriculture/Department of Agriculture","Plant Sciences","4/1/2025","3/31/2028","New","25-0213",2024-10-10 10:08:00,"349996","10/29/2024 12:00:00 AM",NA,NA,"Optimize Soil Heating System Management in Season Extenders to Enhance Profitability and Productivity of Locally Grown Vegetables in Wyoming","Proposal Created > Assigned to SP Proposal Administrator: John Ruess > Status was changed from: In Development to Under Review > Status was changed from: Under Review to In Development > Certified > Status was changed from: Under Review to Approved > Status was changed from: Approved to Submitted to Sponsor","John Ruess > Janissa Marie Analissia Martinez > Ji-Jhong Chen > Brian P. Lee > Micah Most > James J. Heitholt > Farrell Jean Rapp","10/10/2024 10:08:24 AM > 10/16/2024 10:21:23 AM > 10/22/2024 10:36:30 AM > 10/22/2024 11:28:44 AM > 10/22/2024 11:35:17 AM > 10/22/2024 11:39:28 AM > 10/22/2024 11:52:16 AM > 10/22/2024 11:59:00 AM > 10/25/2024 10:36:07 AM > 10/28/2024 10:07:17 AM > 11/4/2024 09:46:37 AM","edit > submitted",NA,"b531f809-f0ca-46e9-b09a-218df7a7edc8",NA,"AP approves sponsor IDC limitation.","10/22/2024 11:35:28 AM > 10/25/2024 10:36:07 AM > 10/22/2024 11:59:00 AM > 10/22/2024 11:52:16 AM > 10/22/2024 11:39:28 AM > 10/25/2024 10:39:03 AM > 10/25/2024 10:38:59 AM > 10/25/2024 10:38:54 AM > 10/25/2024 10:38:48 AM > 10/25/2024 10:38:42 AM > 10/28/2024 10:07:18 AM","Approved > Certified",NA,"318178","31818","349996","A Subrecipient","No","349996","318178","31818","349996","FY25","250213A0001",NA,NA,"College of Agriculture, Life Sciences & Natural Resources",1,0,0,0,0,0,1
"25-0428-P0001","Overcoming Lunar-Regolith-Relevant Stressors through Integration of Automated Management, Multi-Generational Effects, and Stress-Tolerance Strategies","Ji-Jhong Chen","Plant Sciences","Submitted to Sponsor","National Aeronautics and Space Administration",NA,"Plant Sciences","11/6/2025","11/5/2029","Pre-proposal","25-0428",2025-01-12 02:38:00,"599637","2/25/2025 12:00:00 AM",NA,NA,"Overcoming Lunar-Regolith-Relevant Stressors through Integration of Automated Management, Multi-Generational Effects, and Stress-Tolerance Strategies","Proposal Created > Status was changed from: In Development to Under Review > Certified > Status was changed from: Under Review to Approved > Form was edited in 'Approved' status > Status was changed from: Approved to Submitted to Sponsor","Ji-Jhong Chen > John Ruess > Farrell Jean Rapp > Thomas Abraham Lentner","1/12/2025 02:38:42 PM > 2/3/2025 07:18:34 AM > 2/3/2025 08:58:08 AM > 2/3/2025 12:16:42 PM > 2/5/2025 03:42:12 PM > 2/18/2025 12:22:47 PM","submitted",NA,"d683d57c-ec5d-4b4d-aa59-f6ded4df5cd3",NA,"Passes pre-award checks.","2/3/2025 08:29:05 AM > 2/3/2025 08:58:08 AM > 2/3/2025 09:00:06 AM > 2/3/2025 09:00:01 AM > 2/3/2025 12:16:42 PM","Approved > Certified",NA,"444427","155210","599395",NA,"Yes","599637","444427","155210","599395","FY25","250428A0001",NA,NA,"College of Agriculture, Life Sciences & Natural Resources",1,0,0,0,0,0,1
"25-0444-P0001","Phonon Transport Studies of High Entropy Materials for Thermal Isolation Optimization by Dual-Laser Probes","Yu-Tsung Tsai","Physics & Astronomy","In Development",NA,NA,"Physics & Astronomy",NA,NA,"New","25-0444",2025-01-15 03:42:00,NA,"5/14/2025 12:00:00 AM",NA,NA,NA,"Proposal Created > Assigned to SP Proposal Administrator: Janissa Marie Analissia Martinez","Yu-Tsung Tsai > Janissa Marie Analissia Martinez","1/15/2025 03:42:06 PM > 1/16/2025 09:38:07 AM",NA,NA,"9dbed7f1-909f-457f-9c63-a8cf8b567cc6",NA,NA,NA,"Not Yet Active",NA,NA,NA,NA,NA,"Yes",NA,NA,NA,NA,"FY25","250444A0001",NA,NA,"College of Engineering & Physical Sciences",0,0,0,0,1,0,0
"24-0464-P0001","Prospective Memory in Everyday Life: Lapses and Decline in Relation to Inflammatory  and Neurodegenerative Biomarkers in Older Adults","Erin Harrington","Psychology","Funded","National Institute on Aging/National Institutes of Health/Department of Health and Human Services",NA,"Psychology","11/1/2023","1/31/2025","Transfer","24-0464",2023-10-03 04:00:00,"306929","10/11/2023 12:00:00 AM",NA,NA,"Prospective Memory in Everyday Life: Lapses and Decline in Relation to Inflammatory  and Neurodegenerative Biomarkers in Older Adults","Proposal Created > Assigned to SP Proposal Administrator: John Ruess > Status was changed from: In Development to Under Review > Certified > Status was changed from: Under Review to Approved > Status was changed from: Approved to Submitted to Sponsor > Status was changed from: Submitted to Sponsor to Funded","Erin Harrington > Tashina Lemons > John Ruess > Farrell Jean Rapp","10/3/2023 04:00:26 PM > 10/4/2023 08:00:38 AM > 10/4/2023 05:08:40 PM > 10/4/2023 05:10:52 PM > 10/6/2023 09:46:15 AM > 10/6/2023 10:04:42 AM > 1/18/2024 04:25:52 PM","via ASSIST > Funded.",NA,"4efd2367-b7c6-4131-8926-39531b04655d",NA,"Approved","10/6/2023 09:46:15 AM > 10/6/2023 08:21:48 AM > 10/5/2023 10:55:11 AM > 10/4/2023 05:10:52 PM > 10/4/2023 05:08:51 PM","Approved > Certified > Not Yet Active",NA,"212408","94521","306929",NA,"Yes","306929","212408","94521","306929","FY24","240464A0001",274808,"445TDC","College of Arts & Sciences",0,1,0,0,0,0,1
"24-0892-P0001","ROSES-2023 A.32: EMIT Observational dust direct radiative effect estimation","Masanori Saito","Atmospheric Science","Funded","National Aeronautics and Space Administration",NA,"Atmospheric Science","1/19/2024","1/18/2027","New","24-0892",2024-03-13 07:26:00,"270753","7/19/2023 12:00:00 AM",NA,NA,"An ESM-free approach for dust direct radiative effect estimations based on EMIT, CALIPSO, and mineralogy-resolved dust optical property models","Proposal Created > Status was changed from: In Development to Submitted to Sponsor > Status was changed from: Submitted to Sponsor to Under Consideration > Assigned to SP Proposal Administrator: John Ruess > Status was changed from: Under Consideration to Funded","Thomas Abraham Lentner > Farrell Jean Rapp","3/13/2024 07:26:28 AM > 3/13/2024 07:46:05 AM > 3/13/2024 07:46:26 AM > 3/13/2024 07:46:51 AM > 4/18/2024 10:31:37 AM","Manually bypassing routing because approval was obtained via email in July of 2023-see attachments. > Received intent to award letter on 02/29/2024 > Funded.",NA,"491541f4-67cb-449b-a869-1adf9e1e132d",NA,NA,NA,"Not Completed",NA,"197536","73217","270753",NA,"Yes","270753","197536","73217","270753","FY24","240892A0001",82234,"445MTDC1","College of Engineering & Physical Sciences",0,1,0,0,0,0,1
"24-0515-P0001","Study of the Radiative Effects of Global Subvisible Cirrus Clouds Based on SAGE III/ISS Observations and Radiative Transfer Modeling Capabilities","Masanori Saito","Atmospheric Science","Submitted to Sponsor","Texas A&M University","National Aeronautics and Space Administration","Atmospheric Science","5/3/2024","5/2/2027","New","24-0515",2023-10-25 09:42:00,"130000","11/3/2023 12:00:00 AM",NA,NA,"Study of the Radiative Effects of Global Subvisible Cirrus Clouds Based on SAGE III/ISS Observations and Radiative Transfer Modeling Capabilities","Proposal Created > Status was changed from: In Development to Under Review > Status was changed from: Under Review to In Development > Certified > Status was changed from: Under Review to Approved > Status was changed from: Approved to Submitted to Sponsor > Status was changed from: Submitted to Sponsor to Closed. Resolution set to: Not Funded > Status was changed from: Closed to In Development > Status was changed from: In Development to Submitted to Sponsor","Masanori Saito > John Ruess > Jeffrey R. French > David M. Bagley > Tashina Lemons > Farrell Jean Rapp","10/25/2023 09:42:50 AM > 10/25/2023 09:59:13 AM > 10/25/2023 11:03:55 AM > 10/25/2023 11:12:24 AM > 10/25/2023 12:12:50 PM > 10/25/2023 12:13:07 PM > 10/25/2023 01:25:46 PM > 10/26/2023 08:52:41 AM > 10/26/2023 09:20:18 AM > 10/26/2023 02:11:00 PM > 10/26/2023 03:32:30 PM > 10/26/2023 03:49:18 PM > 10/26/2023 03:52:10 PM > 10/26/2023 06:53:57 PM > 10/27/2023 10:11:22 AM > 10/27/2023 10:18:26 AM > 10/27/2023 10:18:37 AM > 10/27/2023 10:19:12 AM","See tasks > fixing effort > submitted > Administratively closed to correct sponsor > fix sponsor > fixed sponsor",NA,"89afd593-49a2-42cb-9620-20de5f4463da",NA,"All updates listed in routing chain were made, entering routing chain with new amendments to IDC on budget tab and updates to fiscal mangers. > In the Summary Budget, The indirect cost allocation to the department and the college were not completed. Please include 15% for Atmospheric Sciences and 5% for CEPS > Masa-
On the last page, please list Nikki Stotler as the fiscal manager for this proposal. Nikki oversees all of the projects in ATSC.

-Jeff
","10/27/2023 10:19:00 AM > 10/26/2023 06:53:57 PM > 10/26/2023 03:58:39 PM > 10/26/2023 03:54:13 PM > 10/26/2023 03:52:10 PM > 10/26/2023 03:50:07 PM > 10/26/2023 03:32:30 PM > 10/26/2023 03:17:58 PM > 10/26/2023 02:11:00 PM > 10/26/2023 02:10:26 PM > 10/26/2023 08:52:41 AM > 10/25/2023 01:25:46 PM > 10/25/2023 12:13:27 PM","Cancelled > Approved > Certified > Declined > Not Yet Active",NA,"94323","35677","130000","A Subrecipient","No","130000","94323","35677","130000","FY24","240515A0001",NA,NA,"College of Engineering & Physical Sciences",1,0,0,0,0,0,1
"24-0649-P0001","Supporting Underserved Populations and Programs to Optimize Remote Monitoring and Telehealth in managing Diabetes and Hypertension (SUPPORT)","Lauren Rose Gilbert","Kinesiology & Health","Submitted to Sponsor","University of Houston","Patient-Centered Outcomes Research Institute","Kinesiology & Health","11/1/2024","10/31/2028","New","24-0649",2023-12-15 09:18:00,"118692","1/3/2024 12:00:00 AM",NA,NA,"Supporting Underserved Populations and Programs to Optimize Remote Monitoring and Telehealth in managing Diabetes and Hypertension (SUPPORT)","Proposal Created > Assigned to SP Proposal Administrator: Kasi Smart > Certified > Unassigned from SP Proposal Administrator: Kasi Smart > Assigned to SP Proposal Administrator: Thomas Abraham Lentner > Status was changed from: Submitted to Sponsor to Closed. Resolution set to: Not Funded","Lauren Rose Gilbert > Bryce William Howard > Inna Willis > Marissa K. Gannon","12/15/2023 09:18:18 AM > 12/15/2023 01:44:51 PM > 12/20/2023 09:03:05 AM > 8/19/2024 02:14:12 PM > 8/19/2024 02:14:15 PM > 2/6/2025 01:57:52 PM","Not Funded",NA,"074057b8-674e-40b3-97ea-357fd80d9023","Not Funded",NA,"12/20/2023 09:03:05 AM > 12/20/2023 09:02:16 AM","Certified > Approved > Not Completed",NA,"84780","33912","118692","A Subrecipient","No","118692","84780","33912","118692","FY24","240649A0001",NA,NA,"College of Health Sciences",1,0,0,0,0,0,1
"25-0468-P0001","Toward the development of the machine-learning-based lidar-based remote sensing algorithm for aerosol property characterization","Masanori Saito","Atmospheric Science","Submitted to Sponsor","National Aeronautics and Space Administration",NA,"Atmospheric Science","7/26/2025","7/25/2026","New","25-0468",2025-01-21 04:18:00,"121167","2/26/2025 12:00:00 AM",NA,NA,"Toward the development of the machine-learning-based lidar-based remote sensing algorithm for aerosol property characterization","Proposal Created > Status was changed from: In Development to Under Review > Status was changed from: Under Review to In Development > Certified > Status was changed from: Under Review to Approved > Status was changed from: Approved to Submitted to Sponsor","Nicholas A. Giraldo > Masanori Saito > John Ruess > Owen Cruikshank > Farrell Jean Rapp > Marissa K. Gannon","1/21/2025 04:18:15 PM > 2/20/2025 10:21:32 AM > 2/20/2025 10:36:56 AM > 2/20/2025 10:38:00 AM > 2/20/2025 11:18:08 AM > 2/21/2025 12:12:23 PM > 2/23/2025 04:13:06 PM > 2/25/2025 09:11:17 AM","edits > submitted",NA,"f11ed68d-3609-4d9c-bffc-5342c38acbe4",NA,"Passes pre-award checks.","2/20/2025 11:02:37 AM > 2/21/2025 12:12:23 PM > 2/20/2025 11:18:08 AM > 2/22/2025 08:55:26 AM > 2/21/2025 02:46:11 PM > 2/21/2025 02:46:05 PM > 2/23/2025 04:13:06 PM","Approved > Certified",NA,"87548","33619","121167",NA,"Yes","121167","87548","33619","121167","FY25","250468A0001",NA,NA,"College of Engineering & Physical Sciences",1,0,0,0,0,0,1
"24-0671-P0001","Unveiling ice crystal growth in Arctic mixed-phase clouds: integrating advanced ARM remote sensing observations and direct numerical simulations (DNS)","Masanori Saito","Atmospheric Science","Submitted to Sponsor","U.S. Department of Energy",NA,"Atmospheric Science","7/1/2024","6/30/2027","New","24-0671",2024-01-03 08:30:00,"870378","2/13/2024 12:00:00 AM",NA,NA,"Unveiling ice crystal growth in Arctic mixed-phase clouds: integrating advanced ARM remote sensing observations and direct numerical simulations (DNS)","Proposal Created > Assigned to SP Proposal Administrator: John Ruess > Unassigned from SP Proposal Administrator: John Ruess > Assigned to SP Proposal Administrator: Thomas Abraham Lentner > Status was changed from: In Development to Under Review > Status was changed from: Under Review to In Development > Certified > Status was changed from: Under Review to Approved > Unassigned from SP Proposal Administrator: Thomas Abraham Lentner > Status was changed from: Approved to Submitted to Sponsor > Status was changed from: Submitted to Sponsor to Closed. Resolution set to: Not Funded","Masanori Saito > Tashina Lemons > Thomas Abraham Lentner > John Ruess > Farrell Jean Rapp > Inna Willis","1/3/2024 08:30:26 AM > 1/3/2024 08:54:21 AM > 1/9/2024 04:31:53 PM > 1/9/2024 04:32:00 PM > 2/5/2024 09:42:51 AM > 2/6/2024 01:08:36 PM > 2/8/2024 02:28:40 PM > 2/8/2024 02:48:05 PM > 2/8/2024 02:50:56 PM > 2/8/2024 04:11:41 PM > 2/14/2024 08:32:27 AM > 2/27/2024 10:05:13 AM > 7/9/2024 12:09:08 PM","Adding sub docs > submitted > Received an email from the sponsor on 7/9/2024 (see attachments)",NA,"ae241032-4eb7-4fdd-907f-c2a29b2ef078","Not Funded",NA,"2/8/2024 02:48:16 PM > 2/8/2024 02:50:56 PM > 2/8/2024 02:54:37 PM > 2/8/2024 04:06:46 PM > 2/8/2024 04:11:41 PM","Approved > Certified",NA,"707241","163137","870378",NA,"Yes","870378","707241","163137","870378","FY24","240671A0001",NA,NA,"College of Engineering & Physical Sciences",1,0,0,0,0,0,1
